Ürün Adı,Satıcı Adı,Fiyat,Kargo Bilgisi,Satıcı Puanı,Ürün Puanı
HARMANA Hindiba Kahvesi  1 Aylık - (60 Kullanım) Net 150gr,Oruç Reis Pazarlama,469.0,300 TL ve Üzeri Kargo Bedava (Satıcı Karşılar),9.1,4.2
HARMANA Hindiba Kahvesi  1 Aylık - (60 Kullanım) Net 150gr,VİVRE LA,477.0,10 saat 51 dakika içinde sipariş verirsen bugün kargoda!,9.6,4.2
HARMANA Hindiba Kahvesi  1 Aylık - (60 Kullanım) Net 150gr,Natuica Sağlıklı Yaşam Ürünleri,479.0,Tahmini Kargoya Teslim: 2 gün içinde,9.4,4.2
HARMANA Hindiba Kahvesi  1 Aylık - (60 Kullanım) Net 150gr,New Global  Store,499.0,Tahmini Kargoya Teslim: 2 gün içinde,9.2,4.2
HARMANA Hindiba Kahvesi  1 Aylık - (60 Kullanım) Net 150gr,ES beauty,539.0,Son 22 saat 51 dakika içinde sipariş verirsen en geç yarın kargoda!,9.4,4.2
HARMANA Hindiba Kahvesi  1 Aylık - (60 Kullanım) Net 150gr,LEYDİ BUTIK,549.0,Son 22 saat 51 dakika içinde sipariş verirsen en geç yarın kargoda!,8.5,4.2
HARMANA Hindiba Kahvesi  1 Aylık - (60 Kullanım) Net 150gr,Parıltı Butikk,599.0,Tahmini Kargoya Teslim: 2 gün içinde,9.7,4.2
HARMANA Hindiba Kahvesi  1 Aylık - (60 Kullanım) Net 150gr,Beauty AVM,630.0,Son 22 saat 51 dakika içinde sipariş verirsen en geç yarın kargoda!,9.1,4.2
HARMANA Hindiba Kahvesi  1 Aylık - (60 Kullanım) Net 150gr,HARMANA,649.0,Tahmini Kargoya Teslim: 2 gün içinde,9.4,4.2
